player_name,Unnamed: 0,team_id,player_id,playing_time,goals,assists,own_goals,total_shots,shots_on_target,rfoot_shots,lfoot_shots,header_shots,fouls,offsides,yellow_cards,red_cards,total_passes,acc_passes,pass_accuracy,key_passes,interceptions,tackle,tackle_accuracy,clearances,successful_tackles,total_saves,successful_saves,save_rate
A. Aguilar,864,12430,4814,1920.0,0,0,0,0,0,0,0,0,0,0,0,0,12,8,0.67,0,0,1,0.0,0,0,0,0,0
A. Arroyo,829,17929,131602,1581.0,0,0,0,0,0,0,0,0,1,0,0,0,1,1,1.0,0,0,3,0.67,0,2,0,0,0
A. Badri,1122,32552,56188,11587.9,0,0,0,2,2,0,2,0,0,0,0,0,66,57,1.7200000000000002,0,9,19,1.35,2,13,0,0,0
A. Behich,1751,25479,184953,17195.5,0,0,1,2,0,1,1,0,4,0,1,0,164,135,2.4699999999999998,0,11,42,1.88,2,26,0,0,0
A. Beiranvand,1591,32520,714093,17744.5,0,0,0,0,0,0,0,0,0,0,0,0,39,31,2.38,0,0,1,1.0,0,1,10,8,0
A. Bouhaddouz,1061,32432,31454,2119.0,0,0,1,0,0,0,0,0,1,0,0,0,2,2,2.0,0,1,3,2.0,1,3,0,0,0
A. Carrillo,1830,46782,210468,16395.1,1,0,0,3,2,2,1,0,2,1,0,0,101,81,2.39,2,5,67,2.05,0,45,0,0,0
A. Christensen,1773,23136,405309,16382.300000000001,0,0,0,0,0,0,0,0,2,0,0,0,148,141,2.85,0,18,12,2.67,13,11,0,0,0
A. Cooper,1173,35858,172822,11612.7,0,0,0,1,0,1,0,0,4,0,2,0,71,62,1.75,3,4,34,1.2999999999999998,0,22,0,0,0
A. Cornelius,1595,15424,270300,6056.9,0,0,0,1,1,0,0,1,2,0,0,0,17,10,1.18,1,1,15,1.16,0,11,0,0,0
A. Dzagoev,4,14358,101590,1440.0,0,0,0,0,0,0,0,0,0,0,0,0,8,7,0.88,0,0,4,1.0,0,4,0,0,0
A. Dzyuba,1353,43074,305007,12028.2,2,0,0,4,2,1,1,2,11,2,0,0,42,33,2.3899999999999997,1,4,50,1.75,2,28,0,0,0
A. Ekdal,1108,14094,41752,10268.9,0,0,0,0,0,0,0,0,2,0,1,0,83,74,1.65,0,6,19,1.35,1,13,0,0,0
A. El Kaabi,585,32432,1105110,6117.9,0,0,0,1,0,0,1,0,2,0,0,0,5,4,1.67,0,0,3,1.5,1,2,0,0,0
A. Finnbogason,1869,23517,113844,16407.1,1,0,0,5,2,3,2,0,7,0,1,0,49,39,2.4,0,7,41,1.7800000000000002,0,24,0,0,0
A. Godoy,1175,35858,172828,9671.7,0,0,0,1,0,0,1,0,4,0,1,0,78,71,1.82,0,7,16,1.29,1,10,0,0,0
A. Golovin,473,28716,515600,11448.4,1,2,0,2,1,2,0,0,7,0,1,0,81,61,1.5,0,10,54,1.21,0,32,0,0,0
A. Granqvist,1110,14094,42550,11717.9,1,0,0,3,2,2,0,1,3,0,0,0,87,78,1.7200000000000002,0,18,8,0.8300000000000001,8,3,0,0,0
A. Griezmann,1702,13254,11046,13226.4,1,0,0,8,5,4,4,0,3,1,0,0,94,68,2.12,2,1,20,2.49,0,17,0,0,0
A. Guardado,1031,30946,6768,8565.3,0,0,0,3,1,1,2,0,0,0,0,0,59,51,1.73,0,6,16,1.67,3,13,0,0,0
A. Gudmundsson,1069,7839,216568,603.3,0,0,0,0,0,0,0,0,0,0,0,0,2,0,0.0,0,0,1,1.0,0,1,0,0,0
A. Gunnarsson,1897,23517,232563,15641.1,0,0,0,2,1,1,0,1,1,0,0,0,81,67,2.4299999999999997,0,10,30,1.7,2,17,0,0,0
A. Hakimi,1582,48648,1189425,17681.0,0,0,0,1,0,1,0,0,3,0,1,0,101,83,2.52,1,12,38,1.9699999999999998,8,25,0,0,0
A. Harit,81,16216,372915,5002.7,0,0,0,3,1,3,0,0,1,0,0,0,25,19,0.76,0,1,22,0.64,0,14,0,0,0
A. Iwobi,2015,50469,690060,4521.599999999999,0,0,0,4,0,3,1,0,1,0,0,0,24,20,2.81,0,2,9,1.17,1,5,0,0,0
A. Jahanbakhsh,1582,32520,238143,10630.7,0,0,0,2,1,2,0,0,5,0,1,0,44,29,1.9900000000000002,1,7,27,1.69,2,15,0,0,0
A. Kolarov,952,34644,16612,11843.7,1,0,0,2,1,0,2,0,3,0,0,0,67,49,1.45,0,11,14,1.36,1,9,0,0,0
A. Kramarić,1904,28794,208233,11768.6,0,0,0,4,0,2,1,1,1,3,0,0,69,56,2.36,1,1,19,1.82,1,12,0,0,0
A. Ljajić,955,34644,41882,6204.0,0,0,0,1,0,1,0,0,0,0,0,0,30,25,1.7000000000000002,0,0,13,1.71,0,11,0,0,0
A. Maâloul,1126,32552,241678,11587.9,0,0,0,0,0,0,0,0,1,0,0,0,100,85,1.7,0,9,13,1.21,3,8,0,0,0
A. Milik,427,13869,99452,4437.4,0,0,0,1,0,0,1,0,0,1,0,0,23,14,0.61,0,1,6,0.5,0,3,0,0,0
A. Mitrović,968,34644,256428,11332.3,1,0,0,10,3,3,0,7,5,1,1,0,32,24,1.51,0,5,38,1.5899999999999999,3,30,0,0,0
A. Mooy,1754,25479,187167,17195.5,0,0,0,3,0,2,1,0,4,0,0,0,189,165,2.6100000000000003,1,14,26,1.67,6,14,0,0,0
A. Musa,2009,50469,304818,13470.1,2,0,0,4,2,4,0,0,5,1,0,0,52,37,2.11,0,2,40,1.9100000000000001,1,28,0,0,0
A. N'Diaye,1298,38628,65586,9174.8,0,0,0,0,0,0,0,0,2,0,0,0,44,37,1.73,0,5,11,1.0699999999999998,2,6,0,0,0
A. Nabbout,722,16986,476110,8407.9,0,0,0,0,0,0,0,0,1,0,0,0,14,13,1.9100000000000001,0,0,9,1.35,0,6,0,0,0
A. Prijović,243,17322,50411,511.3,0,0,0,0,0,0,0,0,1,0,1,0,2,2,1.0,0,0,0,0.0,0,0,0,0,0
A. Rebić,828,19196,139232,8215.9,1,0,0,3,1,3,0,0,10,0,1,0,39,25,1.1800000000000002,1,4,44,1.24,0,27,0,0,0
A. Rodríguez,785,31188,140288,8687.3,0,0,0,1,0,0,0,1,1,0,0,0,55,53,1.93,0,7,10,1.4,1,7,0,0,0
A. Rukavina,241,17322,15214,561.3,0,0,0,0,0,0,0,0,0,0,0,0,5,5,1.0,0,0,2,0.5,0,1,0,0,0
A. Rüdiger,784,3148,14748,5942.7,0,0,0,0,0,0,0,0,2,0,0,0,83,79,0.95,0,2,5,0.2,3,1,0,0,0
A. Samedov,1356,43074,305097,15347.3,0,0,0,2,0,2,0,0,3,0,0,0,104,89,2.57,2,8,33,2.35,2,24,0,0,0
A. Santamaría,1663,31188,230706,8659.2,0,0,0,0,0,0,0,0,0,0,0,0,77,74,1.92,0,6,14,0.8800000000000001,2,7,0,0,0
A. Shehu,220,16823,265368,5757.7,0,0,0,0,0,0,0,0,1,0,0,0,35,33,0.94,0,11,7,0.57,3,4,0,0,0
A. Skúlason,815,15678,102254,1790.3,0,0,0,0,0,0,0,0,0,0,0,0,8,8,2.0,0,2,6,0.66,0,2,0,0,0
A. Traustason,1065,7839,57480,303.3,0,0,0,1,0,1,0,0,0,0,0,0,2,0,0.0,0,0,0,0.0,0,0,0,0,0
A. Uribe,871,12430,91502,4030.2,0,0,0,1,1,1,0,0,1,0,0,0,34,30,0.88,0,3,14,0.5,0,7,0,0,0
A. Witsel,1082,11258,140246,11229.6,0,0,0,3,0,2,1,0,5,0,0,0,114,107,1.88,0,6,23,1.04,1,12,0,0,0
A. Young,1173,4826,15878,11665.2,0,0,0,1,0,1,0,0,3,0,0,0,91,81,1.78,0,6,15,1.0699999999999998,0,8,0,0,0
Abdallah Said,1437,48387,360501,14572.7,0,1,0,1,0,1,0,0,0,0,0,0,138,110,2.29,1,11,32,1.8399999999999999,1,20,0,0,0
Abdullah Al Mayouf,14,16521,122561,5802.5,0,0,0,0,0,0,0,0,0,0,0,0,30,27,0.9,0,3,0,0.0,0,0,7,2,0
Abdullah Otayf,1496,49563,418179,15732.8,0,1,0,2,0,2,0,0,3,0,0,0,263,241,2.74,0,16,42,1.81,3,26,0,0,0
Adrien Silva,1545,29715,211209,7410.4,0,0,0,1,0,1,0,0,2,0,1,0,107,101,1.72,1,6,16,1.3199999999999998,0,11,0,0,0
Ahmed Fathy,1434,48387,360468,17554.2,0,0,1,1,1,1,0,0,6,0,1,0,136,113,2.4699999999999998,0,18,61,1.62,8,33,0,0,0
Ahmed Hegazy,1426,48387,359853,17554.2,0,0,0,0,0,0,0,0,2,0,1,0,125,100,2.4,0,26,26,1.85,16,16,0,0,0
Al. Miranchuk,904,14358,262048,3670.7,0,0,0,0,0,0,0,0,1,0,0,0,19,13,0.68,0,0,6,0.83,0,5,0,0,0
Ali Al Bulayhi,530,16521,398219,5762.8,0,0,0,0,0,0,0,0,0,0,0,0,42,35,0.83,0,7,4,0.5,2,2,0,0,0
Ali Gabr,1449,48387,594360,17554.2,0,0,0,1,0,0,0,1,2,0,1,0,82,74,2.71,0,15,16,1.8599999999999999,14,10,0,0,0
Alisson,945,12760,428440,11850.2,0,0,0,0,0,0,0,0,0,0,0,0,26,26,2.0,0,4,0,0.0,0,0,2,1,0
Amr Warda,1458,48387,1166784,9778.5,0,0,0,2,0,1,1,0,1,0,0,0,57,38,2.01,0,10,21,2.43,3,17,0,0,0
André Silva,957,9905,135927,5885.6,0,0,0,1,0,1,0,0,1,1,0,0,24,21,0.88,0,0,10,0.8,1,8,0,0,0
B. Bereszyński,1315,27738,199666,5246.0,0,0,0,0,0,0,0,0,0,0,0,0,20,16,1.6,0,4,13,0.5,1,6,0,0,0
B. Bjarnason,1872,23517,114252,17128.1,0,0,0,7,1,5,2,0,5,0,0,0,64,48,2.25,1,7,38,1.86,0,22,0,0,0
B. Džemaili,1000,13394,42338,10340.7,0,0,0,5,2,3,2,0,7,0,0,0,39,34,1.75,0,5,34,1.16,0,18,0,0,0
B. Embolo,1013,13394,565544,2480.7,0,0,0,1,1,1,0,0,1,0,0,0,9,5,0.62,0,1,14,1.07,1,8,0,0,0
B. Idowu,2012,50469,629376,14373.0,0,0,0,0,0,0,0,0,3,0,1,0,78,63,2.4699999999999998,0,11,32,2.26,0,24,0,0,0
B. Ivanović,950,34644,15782,11843.7,0,0,0,0,0,0,0,0,1,0,1,0,70,56,1.62,0,10,27,1.35,5,18,0,0,0
B. Matuidi,708,8836,50874,6887.7,0,0,0,1,0,0,1,0,4,0,1,0,43,33,1.56,0,3,30,0.9199999999999999,0,13,0,0,0
B. Mendy,1006,4418,26136,2683.0,0,0,0,0,0,0,0,0,0,0,0,0,34,26,0.76,0,4,5,0.6,0,3,0,0,0
B. N'Diaye,860,19314,207164,4857.4,0,0,0,1,0,1,0,0,1,0,0,0,23,15,0.65,2,3,8,0.75,0,6,0,0,0
B. Oviedo,659,16871,55982,5947.8,0,0,0,0,0,0,0,0,1,0,0,0,23,18,0.78,0,6,19,0.37,1,7,0,0,0
B. Pavard,721,8836,681292,11581.9,0,0,0,1,0,1,0,0,6,0,0,0,109,84,1.55,1,11,19,1.07,8,10,0,0,0
B. Pérez,1180,35858,227034,10286.900000000001,0,0,0,1,0,0,1,0,1,1,0,0,32,23,1.46,0,3,7,1.42,0,5,0,0,0
B. Ruiz,881,33742,22310,11924.5,0,0,0,1,0,0,1,0,2,0,0,0,88,70,1.58,1,10,34,1.13,0,19,0,0,0
B. Sigurðarson,1880,23517,163485,3433.6,0,0,0,0,0,0,0,0,1,0,0,0,13,10,2.62,0,0,4,1.5,0,3,0,0,0
B. Sævarsson,1877,23517,163353,17431.4,0,0,0,0,0,0,0,0,1,0,1,0,70,55,2.4,0,19,29,1.79,10,17,0,0,0
Bernardo Silva,1557,29715,797019,9506.7,0,0,0,0,0,0,0,0,1,0,0,0,48,35,2.42,1,6,37,2.03,2,24,0,0,0
Bruno Fernandes,597,19810,487176,5644.2,0,0,0,3,0,3,0,0,1,0,1,0,33,24,1.45,1,8,11,0.8300000000000001,0,5,0,0,0
C. Bacca,1262,24860,75662,2645.7,0,0,0,1,0,1,0,0,0,0,0,0,14,12,1.75,0,1,4,1.5,0,3,0,0,0
C. Bolaños,889,33742,111976,5015.3,0,0,0,0,0,0,0,0,0,1,0,0,33,25,1.3399999999999999,0,0,13,1.22,0,8,0,0,0
C. Borges,884,33742,102008,11924.5,0,0,0,2,0,2,0,0,1,0,0,0,86,75,1.74,0,9,13,1.02,4,7,0,0,0
C. Cueva,1851,46782,344439,16539.5,0,1,0,2,0,2,0,0,0,2,0,0,131,107,2.4699999999999998,6,8,44,2.14,1,32,0,0,0
C. Eriksen,1742,23136,162,17268.300000000003,1,1,0,8,3,5,3,0,1,0,0,0,111,86,2.34,1,8,40,1.54,4,22,0,0,0
C. Gamboa,886,33742,111954,10480.599999999999,0,0,0,2,1,2,0,0,2,0,0,0,65,49,1.4700000000000002,0,4,26,1.15,2,16,0,0,0
C. Kouyaté,1300,38628,75450,2280.6,0,0,0,0,0,0,0,0,1,0,0,0,12,10,1.8199999999999998,0,0,5,0.4,1,2,0,0,0
C. N'Doye,1294,38628,54824,2820.6,0,0,0,1,0,0,0,1,1,0,1,0,14,10,1.6,0,3,5,1.5,0,4,0,0,0
C. Pavón,1903,36822,856188,5669.4,0,0,0,1,0,1,0,0,1,0,0,0,35,24,2.0300000000000002,0,1,13,2.46,0,10,0,0,0
C. Ramos,1835,46782,343851,17346.5,0,0,0,1,0,0,1,0,0,1,0,0,118,103,2.63,1,13,25,1.77,10,15,0,0,0
C. Rodríguez,1452,47010,210285,7240.3,0,0,0,2,2,0,2,0,1,0,0,0,52,35,2.01,0,5,13,1.4100000000000001,0,6,0,0,0
C. Salcedo,1051,30946,510774,11461.4,0,0,0,0,0,0,0,0,2,0,0,0,87,78,1.75,0,20,9,1.05,12,5,0,0,0
C. Sánchez,937,43770,199198,7440.2,0,2,0,3,1,2,0,1,2,0,0,1,60,44,2.14,1,5,18,2.43,2,10,0,0,0
C. Tolisso,121,4418,209091,4694.2,0,0,0,0,0,0,0,0,2,0,1,0,66,58,0.88,0,5,6,0.5,1,3,0,0,0
C. Vela,1033,30946,7370,8145.299999999999,1,0,0,3,1,0,3,0,3,0,0,0,54,46,1.69,2,1,32,1.5,0,24,0,0,0
Casemiro,935,12760,81512,9628.1,0,0,0,3,2,2,0,1,1,0,1,0,126,114,1.8399999999999999,1,15,23,1.3900000000000001,3,16,0,0,0
Cristiano Ronaldo,1522,29715,9966,17672.4,4,0,0,15,6,13,1,1,3,1,1,0,78,67,2.53,2,6,37,2.43,5,29,0,0,0
Cédric Soares,1542,29715,211167,17672.4,0,0,0,0,0,0,0,0,7,0,1,0,137,103,2.25,2,15,41,1.87,4,25,0,0,0
D. Alli,374,2413,13484,4925.1,0,0,0,1,1,0,0,1,0,1,0,0,31,24,0.77,0,5,15,0.6,0,9,0,0,0
D. Arzani,1765,25479,1210839,4526.8,0,0,0,2,1,2,0,0,1,0,1,0,20,16,2.33,0,2,24,1.6,0,15,0,0,0
D. Boyata,1070,11258,16068,11535.4,0,0,0,0,0,0,0,0,2,0,0,0,116,109,1.8599999999999999,0,7,7,1.17,4,4,0,0,0
D. Bronn,1137,32552,591494,7251.9,1,0,0,1,1,0,0,1,1,0,0,0,49,40,1.5499999999999998,1,5,11,0.8300000000000001,2,5,0,0,0
D. Cheryshev,1338,43074,13539,11025.1,3,0,1,8,5,2,5,1,5,0,0,0,61,39,1.85,0,10,30,1.8,0,17,0,0,0
D. Colindres,233,16871,125273,1531.3,0,0,0,0,0,0,0,0,0,0,0,0,3,3,1.0,0,1,5,1.0,0,5,0,0,0
D. Godín,1436,47010,10299,17402.5,0,0,0,2,1,1,0,1,3,1,0,0,162,142,2.64,1,10,32,2.0700000000000003,8,23,0,0,0
D. Guzmán,895,33742,250520,9429.2,0,0,0,0,0,0,0,0,6,0,1,0,71,59,1.63,0,12,25,1.12,6,14,0,0,0
D. Kownacki,1322,27738,480084,4936.0,0,0,0,2,1,0,1,1,2,0,0,0,21,14,1.42,0,0,17,1.01,0,7,0,0,0
D. Kuzyaev,1374,43074,662913,6138.2,0,0,0,1,0,1,0,0,4,0,0,0,40,37,2.79,0,4,13,1.1,1,7,0,0,0
D. Laxalt,1423,31340,232538,7960.0,0,0,0,1,0,0,1,0,2,0,0,0,64,51,1.63,0,0,11,0.94,0,5,0,0,0
D. Lovren,1892,28794,76179,13093.0,0,0,0,0,0,0,0,0,2,0,0,0,96,87,2.35,0,18,9,0.5,6,2,0,0,0
D. Mertens,1063,11258,244,10324.5,1,1,0,4,2,4,0,0,1,2,0,0,66,49,1.48,5,5,15,1.46,0,11,0,0,0
D. Ospina,1259,24860,51324,11713.4,0,0,0,0,0,0,0,0,0,0,0,0,39,32,1.62,0,2,1,1.0,0,1,8,6,0
D. Rose,811,2413,8292,1521.0,0,0,0,0,0,0,0,0,0,0,0,0,10,9,0.9,0,0,3,0.67,1,2,0,0,0
D. Sidibé,1007,4418,26196,5692.6,0,0,0,0,0,0,0,0,1,0,0,0,96,80,0.83,2,3,9,0.44,0,4,0,0,0
D. Subašić,834,19196,271494,11529.7,0,0,0,0,0,0,0,0,0,0,0,0,46,41,1.7799999999999998,0,0,1,1.0,0,1,5,5,0
D. Sánchez,1280,24860,515524,11713.4,0,0,0,0,0,0,0,0,1,0,0,0,75,62,1.65,0,12,19,1.4100000000000001,6,14,0,0,0
D. Tadić,948,34644,766,11843.7,0,1,0,2,1,1,1,0,2,0,0,0,52,42,1.6099999999999999,3,5,57,1.35,2,38,0,0,0
D. Tošić,960,34644,255060,11282.3,0,0,0,0,0,0,0,0,3,0,0,0,83,73,1.76,0,10,20,1.4,4,14,0,0,0
D. Vida,820,19196,138792,11529.7,0,0,0,0,0,0,0,0,0,0,0,0,72,56,1.54,0,6,12,0.44,3,4,0,0,0
D. Zakaria,307,6697,360992,1562.0,0,0,0,0,0,0,0,0,1,0,0,0,4,3,0.75,0,1,2,0.5,0,1,0,0,0
D. Ćaleta-Car,1082,9598,230626,5774.1,0,0,0,0,0,0,0,0,0,1,0,0,36,33,0.92,0,5,6,0.83,7,5,0,0,0
Daniel Carvajal,1522,3196,9002,11741.099999999999,0,1,0,1,0,1,0,0,2,0,0,0,118,105,1.77,0,5,33,1.38,0,23,0,0,0
Danilo,289,6380,70083,5902.4,0,0,0,0,0,0,0,0,0,0,0,0,54,48,0.89,0,2,9,0.67,1,6,0,0,0
David Silva,1623,4794,24951,16101.3,0,0,0,8,1,1,7,0,3,1,0,0,170,153,2.68,0,4,24,1.52,2,14,0,0,0
David de Gea,1620,4794,23730,17494.9,0,0,0,0,0,0,0,0,0,0,0,0,41,40,2.9,0,2,0,0.0,0,0,6,1,0
Diego Costa,1613,4794,13014,14598.900000000001,3,0,0,5,3,3,2,0,2,0,0,0,49,45,2.74,1,4,28,1.58,3,15,0,0,0
Douglas Costa,651,6380,105334,3184.0,0,1,0,0,0,0,0,0,0,0,0,0,29,25,0.86,0,0,19,0.74,0,14,0,0,0
E. Cavani,1446,47010,63522,17261.0,1,0,0,13,4,7,5,1,3,0,0,0,70,58,2.44,2,4,34,2.08,1,24,0,0,0
E. Davis,1183,35858,232728,11612.7,0,0,0,0,0,0,0,0,5,0,1,0,107,87,1.6099999999999999,0,5,17,1.05,4,9,0,0,0
E. Forsberg,1117,14094,102264,11717.9,0,0,0,5,1,4,1,0,2,0,0,0,42,35,1.6,0,9,36,1.02,1,19,0,0,0
E. Hajsafi,1576,32520,237744,13647.3,0,0,0,2,0,1,1,0,1,0,1,0,49,34,2.29,0,12,22,1.71,10,13,0,0,0
E. Hallfreðsson,1198,15678,42628,11539.6,0,0,0,1,0,0,1,0,3,0,1,0,62,54,1.74,0,8,36,1.0,0,18,0,0,0
E. Hazard,1075,11258,51414,9970.3,2,1,0,8,4,5,3,0,1,0,0,0,61,50,1.65,1,9,39,1.48,0,29,0,0,0
E. Kawashima,1253,25826,75792,11460.4,0,0,0,0,0,0,0,0,1,0,1,0,40,38,1.9100000000000001,0,2,0,0.0,0,0,10,7,0
E. Pérez,1726,24548,172468,7886.5,0,0,0,1,0,0,1,0,3,0,0,0,79,75,1.9100000000000001,1,3,14,0.8300000000000001,0,6,0,0,0
E. Salvio,789,24548,6890,9192.2,0,0,0,1,0,0,1,0,0,0,0,0,93,78,1.66,1,8,19,1.54,3,15,0,0,0
E. Skhiri,1133,32552,493892,11587.9,0,0,0,0,0,0,0,0,6,0,0,0,85,78,1.83,0,5,37,1.05,1,19,0,0,0
E. Álvarez,1057,30946,896420,7978.799999999999,0,0,0,0,0,0,0,0,1,0,0,0,69,61,1.6400000000000001,1,13,19,0.97,4,10,0,0,0
Essam El Hadary,925,16129,120269,6070.8,0,0,0,0,0,0,0,0,0,0,0,0,11,9,0.82,0,3,0,0.0,0,0,7,5,0
F. Armani,1093,12274,90991,5792.8,0,0,0,0,0,0,0,0,0,0,0,0,20,14,0.7,0,3,0,0.0,1,0,3,2,0
F. Baloy,825,17929,112679,1571.0,1,0,0,1,1,1,0,0,0,0,0,0,17,17,1.0,0,2,1,1.0,0,1,0,0,0
F. Ben Mustapha,1124,32552,241568,10687.9,0,0,0,0,0,0,0,0,0,0,0,0,34,29,1.68,0,5,3,0.33,3,1,12,7,0
F. Ben Youssef,1131,32552,418708,11587.9,0,0,0,3,0,1,0,2,2,0,0,0,60,43,1.43,2,9,15,1.3,6,11,0,0,0
F. Bradarić,1083,9598,231713,1803.3,0,0,0,0,0,0,0,0,0,0,0,0,11,11,1.0,0,1,1,0.0,1,0,0,0,0
F. Calvo,905,33742,251024,7420.7,0,0,0,1,0,1,0,0,1,0,1,0,44,35,1.55,0,7,20,1.5899999999999999,4,13,0,0,0
F. Delph,812,2413,8464,1941.0,0,0,0,0,0,0,0,0,0,0,0,0,25,22,0.88,0,0,7,0.43,0,3,0,0,0
F. Escobar,1192,35858,547366,11612.7,0,0,0,1,1,1,0,0,6,0,1,0,68,62,1.81,0,9,13,1.1,3,7,0,0,0
F. Fajr,1482,32432,51776,2664.0,0,1,0,0,0,0,0,0,3,0,0,0,21,18,1.67,0,0,7,0.7,0,2,0,0,0
F. Kostić,966,34644,255592,5639.6,0,0,0,1,0,0,1,0,1,0,0,0,25,15,0.91,0,3,20,0.98,1,12,0,0,0
F. Kudryashov,1346,28716,203294,6345.5,0,0,0,0,0,0,0,0,3,0,0,0,42,38,1.9,0,1,9,0.79,0,3,0,0,0
F. Muslera,1449,47010,97923,17402.5,0,0,0,0,0,0,0,0,0,0,0,0,51,47,2.75,0,3,0,0.0,0,0,7,7,0
F. Sassi,1128,32552,241706,9482.8,1,0,0,4,1,4,0,0,4,0,1,0,94,81,1.73,0,6,21,0.88,0,9,0,0,0
F. Schär,1011,13394,100204,11769.4,0,0,0,1,0,0,0,1,2,0,1,0,125,106,1.69,0,11,18,1.46,7,13,0,0,0
F. Smolov,1359,43074,305121,7354.0,0,0,0,0,0,0,0,0,3,2,1,0,43,34,2.41,1,1,36,2.0100000000000002,0,24,0,0,0
F. Uzoho,2022,50469,856473,17442.3,0,0,0,0,0,0,0,0,0,0,0,0,44,33,2.35,0,3,0,0.0,2,0,10,6,0
Fahad Al Muwallad,1471,49563,367869,11667.599999999999,0,0,0,2,0,2,0,0,4,2,0,0,20,14,1.96,0,2,24,2.19,0,15,0,0,0
Fernandinho,943,12760,210678,2586.0,0,0,0,2,0,2,0,0,2,0,0,0,19,19,2.0,0,4,5,1.5,0,3,0,0,0
Fágner,647,6380,40707,5947.8,0,0,0,0,0,0,0,0,0,0,0,0,82,77,0.94,0,2,6,0.83,1,5,0,0,0
G. De Arrascaeta,951,31340,426728,5505.2,0,0,0,0,0,0,0,0,1,0,0,0,44,38,1.71,0,2,16,1.1400000000000001,1,10,0,0,0
G. González,901,33742,250572,11924.5,0,0,0,2,1,0,0,2,1,0,0,0,52,46,1.77,0,10,8,0.57,5,4,0,0,0
G. Gómez,1171,35858,118166,10041.7,0,0,0,0,0,0,0,0,1,0,0,0,75,75,2.0,0,8,9,1.17,1,5,0,0,0
G. Haraguchi,1255,25826,189300,10260.599999999999,0,0,0,1,0,0,1,0,2,0,0,0,56,48,1.69,0,9,38,1.13,4,23,0,0,0
G. Higuaín,1869,36822,9969,8969.1,0,0,0,3,2,2,1,0,2,0,0,0,37,31,2.6100000000000003,1,3,15,2.36,1,8,0,0,0
G. Krychowiak,1304,27738,51074,11708.4,1,0,0,2,1,1,0,1,3,0,1,0,126,108,1.71,0,7,33,1.28,0,21,0,0,0
G. Mercado,1724,24548,172440,11564.8,0,1,0,0,0,0,0,0,4,0,1,0,91,74,1.63,0,9,24,1.26,1,15,0,0,0
G. Ochoa,1040,30946,51632,11461.4,0,0,0,0,0,0,0,0,0,0,0,0,43,37,1.72,0,2,1,1.0,1,1,17,16,0
G. Shibasaki,1261,25826,189656,10499.7,0,0,0,0,0,0,0,0,2,0,0,0,118,100,1.6800000000000002,2,11,16,1.38,4,11,0,0,0
G. Shōji,1259,25826,189628,11460.4,0,0,0,0,0,0,0,0,0,0,0,0,130,125,1.93,0,4,19,1.52,7,14,0,0,0
G. Sigurðsson,1900,23517,232674,17431.4,1,0,0,9,5,8,1,0,2,0,0,0,97,75,2.31,6,10,65,1.65,0,35,0,0,0
G. Svensson,313,7047,32798,909.0,0,0,0,0,0,0,0,0,0,0,0,0,3,3,1.0,0,2,1,0.0,3,0,0,0,0
G. Torres,357,17929,116997,1925.8,0,0,0,1,1,1,0,0,0,0,0,0,7,5,0.71,0,1,3,0.33,0,1,0,0,0
G. Varela,545,31340,232332,11600.3,0,0,0,0,0,0,0,0,0,0,0,0,97,91,1.87,0,6,18,1.23,1,11,0,0,0
G. Xhaka,1006,13394,99752,11769.4,1,0,0,2,1,0,2,0,1,0,0,0,150,134,1.78,0,5,21,0.74,3,8,0,0,0
G. dos Santos,769,15473,8297,1147.5,0,0,0,0,0,0,0,0,0,0,0,0,4,3,0.75,0,1,3,0.33,0,1,0,0,0
Gabriel Jesus,947,12760,680772,10404.2,0,1,0,2,0,1,0,1,3,1,0,0,35,26,1.48,0,8,25,1.47,1,17,0,0,0
Gelson Martins,485,9905,227059,2225.2,0,0,0,0,0,0,0,0,0,0,0,0,9,8,0.89,0,1,9,0.56,0,5,0,0,0
Gonçalo Guedes,595,19810,474068,10687.2,0,0,0,2,1,2,0,0,1,1,0,0,35,32,1.83,1,4,29,1.27,1,19,0,0,0
H. Ayala,275,15473,112777,5651.2,0,0,0,0,0,0,0,0,0,0,0,0,16,14,0.88,0,5,3,0.67,6,2,0,0,0
H. Dalsgaard,1770,23136,169182,17268.300000000003,0,0,0,0,0,0,0,0,6,0,0,0,99,81,2.49,0,17,27,2.12,12,19,0,0,0
H. Halldórsson,1888,23517,171678,17431.4,0,0,0,0,0,0,0,0,0,0,0,0,54,41,2.31,0,4,2,0.5,2,1,14,9,0
H. Herrera,1047,30946,224918,11461.4,0,0,0,2,1,2,0,0,6,1,1,0,92,81,1.75,2,13,46,1.25,0,28,0,0,0
H. Kane,1183,4826,17434,9724.2,5,0,0,6,5,5,0,1,1,1,0,0,30,23,1.5499999999999998,4,4,15,1.25,1,9,0,0,0
H. Lloris,704,8836,50762,11581.9,0,0,0,0,0,0,0,0,0,0,0,0,32,29,1.81,0,1,0,0.0,2,0,4,3,0
H. Lozano,1053,30946,590312,8265.3,1,1,0,5,1,4,1,0,4,0,0,0,38,34,1.78,1,6,36,1.38,1,25,0,0,0
H. Magnússon,1903,23517,405621,17431.4,0,0,0,2,0,0,1,1,4,0,0,0,69,39,1.59,0,21,24,1.3900000000000001,12,12,0,0,0
H. Maguire,1181,4826,17306,11665.2,0,1,0,3,2,0,0,3,3,0,0,0,146,139,1.9,1,4,12,1.75,0,10,0,0,0
H. Moreno,1035,30946,7590,11461.4,0,0,0,1,1,0,0,1,4,0,1,0,83,71,1.69,0,10,9,1.17,4,5,0,0,0
H. Nagguez,748,16276,293080,4336.0,0,1,0,0,0,0,0,0,0,0,0,0,38,29,0.76,0,2,9,0.78,0,7,0,0,0
H. Sakai,1257,25826,189390,11460.4,0,0,0,2,0,2,0,0,1,0,0,0,75,62,1.67,1,6,24,1.24,6,16,0,0,0
H. Seferović,996,13394,41532,7668.6,0,0,0,0,0,0,0,0,3,1,0,0,12,7,1.0,1,3,13,0.62,3,8,0,0,0
H. Yamaguchi,417,12913,95010,960.7,0,0,0,0,0,0,0,0,0,0,0,0,14,12,0.86,0,1,2,1.0,0,2,0,0,0
H. Ziyech,1577,48648,663117,16942.2,0,0,0,8,2,1,7,0,8,0,0,0,112,91,2.4,0,16,61,1.84,2,38,0,0,0
Hattan Bahbir,1468,49563,367845,10047.599999999999,0,0,0,6,2,3,3,0,1,0,0,0,66,52,2.32,0,2,24,2.04,0,18,0,0,0
Hussain Al Mogahwi,1465,33042,245836,9193.6,0,0,0,5,1,4,0,1,2,0,0,0,110,105,1.9,0,4,14,1.88,1,13,0,0,0
I. Akinfeev,1344,43074,304728,17250.6,0,0,0,0,0,0,0,0,0,0,0,0,46,41,2.59,0,2,0,0.0,0,0,9,5,0
I. Díaz,360,17929,241134,1925.8,0,0,0,0,0,0,0,0,0,1,0,0,4,4,1.0,0,2,8,0.75,0,6,0,0,0
I. Gueye,1284,38628,51412,11455.4,0,0,0,2,0,2,0,0,5,0,1,0,91,78,1.71,0,7,21,1.02,3,11,0,0,0
I. Kiese Thelin,1124,14094,102524,1696.2,0,0,0,0,0,0,0,0,2,0,0,0,4,3,0.75,0,1,1,0.0,1,0,0,0,0
I. Kutepov,1368,43074,311004,17250.6,0,1,0,0,0,0,0,0,3,0,0,0,89,68,2.27,0,14,17,2.47,12,13,0,0,0
I. Perišić,1887,28794,44436,16438.5,1,0,0,5,2,1,4,0,2,2,0,0,81,58,2.0300000000000002,0,10,41,1.7400000000000002,5,24,0,0,0
I. Rakitić,1879,28794,10428,12313.0,1,0,0,7,2,7,0,0,4,1,1,0,102,81,2.37,2,9,33,2.29,2,22,0,0,0
I. Sarr,1308,38628,896158,11455.4,0,0,0,1,1,1,0,0,3,0,0,0,49,39,1.6,0,4,39,1.35,2,26,0,0,0
I. Smolnikov,899,14358,101825,5802.2,0,0,0,0,0,0,0,0,2,0,1,0,12,10,0.83,0,0,3,0.67,0,2,0,0,0
I. Strinić,832,19196,210722,11529.7,0,0,0,0,0,0,0,0,4,0,0,0,78,56,1.4300000000000002,0,12,23,0.92,5,12,0,0,0
Iago Aspas,1073,3196,7680,2533.6,1,0,0,2,2,1,1,0,1,0,0,0,10,9,1.8,0,1,2,1.0,1,2,0,0,0
Iniesta,1603,4794,10059,14497.7,0,1,0,3,0,1,2,0,3,0,0,0,232,203,2.62,3,4,29,2.2199999999999998,0,22,0,0,0
Isco,1608,4794,10689,17494.9,1,0,0,8,3,6,1,1,1,3,0,0,302,276,2.75,4,4,73,2.3,0,56,0,0,0
J. Acosta,899,33742,250568,11924.5,0,0,0,0,0,0,0,0,2,0,1,0,49,45,1.8199999999999998,0,6,14,1.0,2,7,0,0,0
J. Bednarek,1320,27738,480064,8891.0,0,0,0,0,0,0,0,0,2,0,1,0,94,88,1.8900000000000001,0,15,13,1.31,7,8,0,0,0
J. Boateng,1035,6296,29432,11593.9,0,0,0,3,1,0,3,0,5,0,1,0,180,161,1.79,5,9,24,1.29,5,16,0,0,0
J. Böðvarsson,678,7839,58105,4322.5,0,0,0,0,0,0,0,0,0,0,0,0,13,10,0.77,0,2,8,0.88,0,7,0,0,0
J. Błaszczykowski,421,13869,14804,2817.4,0,0,0,0,0,0,0,0,0,1,0,0,9,7,0.78,0,1,8,0.25,0,2,0,0,0
J. Campbell,226,16871,26038,1891.3,0,0,0,1,0,0,1,0,1,0,0,0,13,9,0.69,0,1,8,0.75,0,6,0,0,0
J. Corona,774,15473,112522,1507.5,0,0,0,0,0,0,0,0,0,0,0,0,14,11,0.79,0,2,4,0.75,0,3,0,0,0
J. Cuadrado,1257,24860,41502,7810.2,1,0,0,4,1,4,0,0,0,0,0,0,71,60,1.67,1,5,30,1.6400000000000001,3,25,0,0,0
J. Draxler,1046,6296,29724,8466.7,0,0,0,6,1,5,1,0,4,0,0,0,77,70,1.81,2,1,16,1.8,0,13,0,0,0
J. Durmaz,800,7047,50812,1447.2,0,0,0,0,0,0,0,0,2,0,0,0,4,3,0.75,0,1,7,0.29,0,2,0,0,0
J. Farfán,781,31188,29744,8185.6,0,0,0,4,1,3,1,0,6,0,0,0,31,26,1.6800000000000002,0,2,17,1.32,3,11,0,0,0
J. Gallardo,1055,30946,672356,11461.4,0,0,0,0,0,0,0,0,1,0,0,0,76,63,1.65,0,21,23,1.46,10,17,0,0,0
J. Giménez,551,31340,455788,11600.3,1,0,0,1,1,0,0,1,2,0,0,0,125,114,1.83,1,12,21,1.21,9,14,0,0,0
J. Guidetti,794,7047,151,1207.2,0,0,0,1,1,1,0,0,1,0,0,0,3,1,0.33,0,1,3,0.67,0,2,0,0,0
J. Guðmunds­son,1196,15678,186,9558.6,0,0,0,3,1,0,3,0,0,0,0,0,40,32,1.58,0,6,16,1.24,3,10,0,0,0
J. Góralski,888,13869,100140,5950.2,0,0,0,0,0,0,0,0,3,0,1,0,37,31,0.84,0,5,18,0.56,1,10,0,0,0
J. Henderson,1175,4826,15928,11665.2,0,0,0,2,1,2,0,0,0,0,0,0,136,122,1.79,1,9,11,1.46,2,8,0,0,0
J. Hernández,1037,30946,15882,11461.4,1,1,0,4,1,2,1,1,2,0,0,0,37,33,1.75,0,2,22,1.25,2,14,0,0,0
J. Irvine,1757,25479,188229,3566.8,0,0,0,0,0,0,0,0,0,0,0,0,15,8,1.8,0,5,11,1.75,0,6,0,0,0
J. Izquierdo,400,12430,91381,4202.5,0,0,0,0,0,0,0,0,1,0,0,0,26,20,0.77,0,0,15,0.73,0,11,0,0,0
J. Lerma,1277,24860,511476,7148.2,0,0,0,1,0,0,1,0,2,0,0,0,55,45,1.5,1,4,9,1.43,2,5,0,0,0
J. Lingard,1171,4826,15868,9607.400000000001,1,0,0,6,2,5,1,0,3,1,0,0,59,56,1.9,0,1,20,1.6,1,16,0,0,0
J. Mascherano,1872,36822,10065,17330.3,0,0,0,1,1,1,0,0,11,0,1,0,281,259,2.74,0,11,35,1.4,5,17,0,0,0
J. Mojica,1273,24860,183404,11713.4,0,0,0,0,0,0,0,0,1,0,0,0,90,68,1.48,2,11,39,1.51,2,30,0,0,0
J. Obi Mikel,1995,50469,23694,17013.8,0,0,0,0,0,0,0,0,6,0,1,0,146,125,2.56,2,7,47,2.06,2,32,0,0,0
J. Penedo,1186,35858,251548,11612.7,0,0,0,0,0,0,0,0,0,0,0,0,19,16,1.67,0,4,0,0.0,2,0,13,4,0
J. Pickford,1189,4826,20262,11665.2,0,0,0,0,0,0,0,0,0,0,0,0,39,34,1.79,0,2,0,0.0,0,0,3,1,0
J. Pivarić,1079,9598,69964,5774.1,0,0,0,0,0,0,0,0,1,0,0,0,57,49,0.86,0,1,10,0.6,1,6,0,0,0
J. Quintero,1269,24860,182038,8107.7,1,1,0,4,1,0,4,0,1,0,0,0,87,71,1.5899999999999999,6,3,14,1.0,0,7,0,0,0
J. Risdon,1736,25479,184101,17195.5,0,0,0,1,0,0,1,0,4,1,1,0,134,93,2.0700000000000003,2,12,49,1.99,3,32,0,0,0
J. Rodriguez,1197,35858,803722,9686.9,0,0,0,1,0,0,1,0,1,0,0,0,45,39,1.67,0,2,22,1.25,1,14,0,0,0
J. Rodríguez,1264,24860,140192,8170.9,0,2,0,3,0,0,3,0,4,1,1,0,82,70,1.6400000000000001,2,2,33,0.99,0,17,0,0,0
J. Stones,1187,4826,18760,11665.2,2,0,0,3,3,0,0,3,1,0,0,0,169,164,1.94,0,7,11,1.3900000000000001,2,9,0,0,0
J. Stryger Larsen,1765,23136,168078,17268.300000000003,0,0,0,2,1,1,0,1,1,0,0,0,83,72,2.59,0,9,31,1.6500000000000001,5,17,0,0,0
J. Vardy,819,2413,12829,1941.0,0,0,0,0,0,0,0,0,0,0,0,0,4,3,0.75,0,1,3,0.67,0,2,0,0,0
J. Venegas,903,33742,250904,9613.1,0,0,0,0,0,0,0,0,6,1,0,0,41,30,1.46,1,5,40,1.01,1,20,0,0,0
J. Vertonghen,1061,11258,96,11535.4,0,0,0,0,0,0,0,0,3,0,1,0,110,99,1.7799999999999998,0,5,16,1.5,5,12,0,0,0
J. 브란트,1053,6296,293166,1145.8000000000002,0,0,0,2,0,1,1,0,0,0,0,0,11,10,1.8,1,0,5,1.5,0,3,0,0,0
J. 키미히,1057,6296,449186,11593.9,0,0,0,2,0,1,1,0,1,0,0,0,156,132,1.69,3,5,31,1.6,1,25,0,0,0
J. 헥터,789,3148,18669,5275.5,0,0,0,2,1,0,2,0,1,1,0,0,43,39,0.91,0,3,5,0.8,2,4,0,0,0
Joo-Ho Park,324,14855,49862,1680.0,0,0,0,0,0,0,0,0,1,0,0,0,7,3,0.43,0,0,4,0.75,0,3,0,0,0
Jordi Alba,1588,4794,9807,17494.9,0,0,0,0,0,0,0,0,2,1,0,0,233,213,2.74,1,10,23,1.49,3,11,0,0,0
José Fonte,1525,29715,24378,17672.4,0,0,0,1,0,1,0,0,2,0,0,0,137,121,2.6,0,11,16,1.62,7,9,0,0,0
João Miranda,923,12760,6862,11850.2,0,0,0,1,0,1,0,0,4,0,0,0,127,123,1.94,0,7,13,0.92,3,7,0,0,0
João Moutinho,1536,29715,210279,12081.5,0,1,0,0,0,0,0,0,6,0,0,0,74,70,2.42,0,9,34,1.8900000000000001,1,16,0,0,0
João Mário,1548,29715,212895,11163.3,0,0,0,1,0,1,0,0,4,0,0,0,91,82,2.54,0,5,27,1.6400000000000001,1,14,0,0,0
K. Ansarifard,1573,32520,237447,11796.5,1,0,0,3,1,2,1,0,4,0,1,0,31,19,1.74,0,8,22,1.38,3,10,0,0,0
K. Boutaïb,1487,32432,59250,8604.0,1,0,0,3,2,0,2,1,3,1,0,0,22,19,1.79,0,3,13,1.1,0,7,0,0,0
K. De Bruyne,1079,11258,76042,11535.4,0,1,0,4,0,4,0,0,2,0,1,0,111,90,1.6600000000000001,2,5,20,1.31,2,13,0,0,0
K. Dolberg,1027,7712,281254,1203.0,0,0,0,0,0,0,0,0,1,0,0,0,6,4,0.67,0,0,2,0.5,0,1,0,0,0
K. El Ahmadi,1546,48648,426,17075.699999999997,0,0,0,1,0,1,0,0,8,0,2,0,107,97,2.7800000000000002,0,9,36,1.48,4,17,0,0,0
K. Glik,880,13869,21097,965.0,0,0,0,0,0,0,0,0,0,0,0,0,8,7,0.88,0,0,2,0.5,0,1,0,0,0
K. Grosicki,1306,27738,66064,8093.2,0,1,0,2,0,1,0,1,1,0,0,0,30,22,1.56,0,5,16,1.0,0,10,0,0,0
K. Honda,1266,25826,203184,2940.5,1,1,0,2,1,0,2,0,0,0,0,0,30,26,1.6600000000000001,0,0,15,1.6,0,12,0,0,0
K. Iheanacho,2025,50469,856524,9320.8,0,0,0,3,0,0,3,0,0,1,0,0,43,35,2.2,1,3,25,1.6,0,13,0,0,0
K. Koulibaly,1286,38628,51452,11455.4,0,0,0,0,0,0,0,0,2,0,0,0,69,56,1.62,0,4,16,1.51,3,13,0,0,0
K. Mbappé,1737,13254,1061499,11317.9,1,0,0,3,3,3,0,0,1,0,0,0,62,49,2.4299999999999997,1,2,42,2.1500000000000004,1,31,0,0,0
K. N'Diaye,1303,38628,267794,11455.4,0,0,0,0,0,0,0,0,0,0,0,0,38,25,1.3,0,2,0,0.0,1,0,7,4,0
K. Navas,879,33742,7830,11924.5,0,0,0,0,0,0,0,0,0,0,0,0,60,45,1.51,0,5,2,1.0,1,2,13,10,0
K. Omeruo,1780,33646,24,11361.6,0,0,0,0,0,0,0,0,2,0,0,0,64,49,1.54,1,10,12,1.5699999999999998,11,9,0,0,0
K. Schmeichel,1748,23136,25440,17268.300000000003,0,0,0,0,0,0,0,0,0,0,0,0,61,49,2.49,0,1,0,0.0,1,0,14,13,0
K. Trippier,1185,4826,17890,10144.2,0,1,0,1,0,1,0,0,1,1,0,0,75,63,1.75,0,4,18,1.5899999999999999,2,14,0,0,0
K. Walker,1177,4826,16554,11665.2,0,0,0,0,0,0,0,0,1,0,1,0,177,167,1.88,1,3,8,1.75,3,7,0,0,0
K. Árnason,829,15678,124442,11657.3,0,0,0,0,0,0,0,0,4,0,0,0,39,33,1.7,0,9,15,1.0699999999999998,7,8,0,0,0
Koke,627,3196,6886,7196.200000000001,0,0,0,0,0,0,0,0,0,0,0,0,115,107,1.87,0,5,14,1.0,1,7,0,0,0
L. Advíncula,1839,46782,344127,17346.5,0,0,0,3,1,1,2,0,2,0,0,0,129,112,2.61,1,13,47,2.42,8,38,0,0,0
L. Augustinsson,1122,14094,102434,11717.9,0,0,0,0,0,0,0,0,0,0,0,0,61,40,1.31,0,6,15,1.23,2,10,0,0,0
L. Balogun,2004,50469,49329,17442.3,0,0,0,3,2,0,0,3,3,0,1,0,115,95,2.38,0,14,28,1.9,8,18,0,0,0
L. Biglia,162,12274,37732,3244.5,0,0,0,2,0,1,0,1,0,0,0,0,50,47,0.94,0,2,5,0.6,1,3,0,0,0
L. Hernández,1729,13254,838635,14591.4,0,0,0,3,1,1,2,0,2,0,0,0,101,85,2.55,0,10,50,2.26,2,37,0,0,0
L. Kalinić,1075,9598,69353,5774.1,0,0,0,0,0,0,0,0,0,0,0,0,14,11,0.79,0,2,1,1.0,0,1,6,5,0
L. Messi,1875,36822,10077,17330.3,1,0,0,14,4,2,12,0,5,0,1,0,165,139,2.52,4,7,87,2.45,0,71,0,0,0
L. Milivojević,962,34644,255074,10895.0,0,0,0,0,0,0,0,0,2,0,1,0,80,70,1.79,0,7,23,1.15,0,13,0,0,0
L. Modrić,1882,28794,24861,15500.5,2,0,0,4,2,4,0,0,6,0,0,0,156,137,2.62,1,12,37,2.09,0,24,0,0,0
L. Schöne,729,15424,810,9455.7,0,0,0,1,1,1,0,0,0,0,0,0,71,66,1.76,0,7,18,1.22,2,11,0,0,0
L. Suárez,1440,47010,23916,17402.5,2,0,0,10,4,7,3,0,3,1,0,0,72,54,2.23,2,4,44,1.73,1,24,0,0,0
L. Tejada,355,17929,114864,1325.8,0,0,0,0,0,0,0,0,0,0,0,0,10,8,0.8,0,0,4,0.5,0,2,0,0,0
L. Torreira,1471,47010,1000713,8563.9,0,0,0,2,0,2,0,0,0,0,0,0,80,72,2.59,0,8,16,1.93,3,8,0,0,0
Lee Seung-Woo,1099,29710,807092,3316.5,0,0,0,1,0,0,1,0,2,0,1,0,26,18,1.38,0,1,11,1.17,0,7,0,0,0
Lucas Vázquez,634,3196,8996,5523.6,0,0,0,0,0,0,0,0,2,0,0,0,39,29,1.71,1,4,19,0.59,1,10,0,0,0
M. Acuña,637,12274,89073,5772.0,0,0,0,1,0,0,1,0,1,0,1,0,34,20,0.59,0,5,19,0.58,0,11,0,0,0
M. Akanji,1015,13394,595914,11769.4,0,0,0,2,0,0,1,1,1,0,0,0,135,125,1.86,0,7,30,1.49,4,21,0,0,0
M. Badelj,1076,9598,69400,5774.1,1,1,0,2,1,2,0,0,3,0,0,0,70,62,0.89,0,8,15,0.53,1,8,0,0,0
M. Batshuayi,733,5629,38093,1565.2,1,0,0,6,3,0,6,0,0,2,0,0,5,5,1.0,0,0,5,0.8,0,4,0,0,0
M. Ben Amor,390,16276,354041,1256.8,0,0,0,0,0,0,0,0,0,0,0,0,5,5,1.0,0,1,7,0.71,0,5,0,0,0
M. Benatia,564,32432,41158,11771.099999999999,0,0,0,5,2,0,3,2,5,0,1,0,119,103,1.6800000000000002,0,5,9,1.38,7,4,0,0,0
M. Berg,1106,14094,29816,11170.7,0,0,0,6,3,3,2,1,7,3,0,0,23,19,1.62,1,3,21,1.42,1,15,0,0,0
M. Boussoufa,1571,48648,305538,17681.0,0,0,0,1,0,0,0,1,5,0,1,0,128,112,2.64,0,8,40,1.96,1,26,0,0,0
M. Braithwaite,1757,23136,167904,9526.0,0,0,0,1,1,0,1,0,3,1,0,0,29,23,2.5700000000000003,0,5,26,1.4300000000000002,0,13,0,0,0
M. Brozović,830,19196,139936,7820.5,0,0,0,1,0,1,0,0,3,0,1,0,84,76,1.8399999999999999,0,8,18,1.02,2,9,0,0,0
M. Carcela-González,498,16216,101847,1265.2,0,0,0,0,0,0,0,0,1,0,0,0,8,5,0.62,0,0,4,0.75,0,3,0,0,0
M. Cáceres,1443,47010,61380,17402.5,0,0,0,3,0,2,0,1,2,0,0,0,140,121,2.5700000000000003,1,9,15,1.56,4,8,0,0,0
M. Dembélé,343,5629,11152,1265.8,0,0,0,0,0,0,0,0,1,0,0,0,8,8,1.0,0,3,3,0.67,0,2,0,0,0
M. Diouf,1282,38628,30108,4317.2,0,0,0,1,0,0,1,0,1,2,0,0,5,3,0.6,0,0,5,0.4,0,2,0,0,0
M. Fellaini,729,5629,8249,2105.2,0,0,0,0,0,0,0,0,1,0,0,0,23,20,0.87,0,2,10,0.7,2,7,0,0,0
M. Gavranović,698,6697,15199,3048.7,0,0,0,1,1,1,0,0,0,1,0,0,6,5,0.83,1,0,5,1.0,0,5,0,0,0
M. Hasebe,1249,25826,29858,11460.4,0,0,0,1,0,1,0,0,4,0,1,0,149,131,1.76,0,11,21,1.15,1,12,0,0,0
M. Hassen,385,16276,149050,900.0,0,0,0,0,0,0,0,0,0,0,0,0,5,3,0.6,0,0,0,0.0,0,0,8,6,0
M. Hosseini,1597,32520,856614,13001.8,0,0,0,0,0,0,0,0,1,0,0,0,40,34,2.68,0,9,3,0.33,6,1,0,0,0
M. Jedinak,1727,25479,25230,17195.5,2,0,0,7,3,4,0,3,5,0,1,0,165,143,2.56,0,18,23,1.77,2,13,0,0,0
M. Jørgensen,1195,15424,111958,6578.6,0,0,0,0,0,0,0,0,1,0,1,0,34,29,1.85,0,7,15,0.67,3,10,0,0,0
M. Konaté,443,19314,97582,1200.8,0,0,0,1,1,0,1,0,0,0,0,0,4,4,1.0,0,0,1,1.0,0,1,0,0,0
M. Kovačić,1899,28794,208212,6884.6,0,1,0,3,1,2,0,1,2,0,0,0,86,86,3.0,0,3,23,2.21,1,16,0,0,0
M. Lang,302,6697,49977,602.0,0,0,0,0,0,0,0,0,2,0,0,0,2,1,0.5,0,2,3,0.0,0,0,0,0,0
M. Layún,1044,30946,224732,11461.4,0,0,0,6,2,6,0,0,1,0,0,0,45,39,1.7599999999999998,2,5,17,1.3199999999999998,2,12,0,0,0
M. Leckie,1730,25479,45060,17195.5,0,0,0,5,1,0,2,3,6,0,1,0,76,51,1.9899999999999998,0,16,65,2.05,4,44,0,0,0
M. Lustig,1126,14094,123898,11717.9,0,0,0,0,0,0,0,0,1,0,0,0,61,47,1.53,0,15,10,1.0,4,5,0,0,0
M. Mandžukić,816,19196,29886,10795.9,0,0,0,5,0,1,1,3,7,0,1,0,42,29,1.3900000000000001,1,9,28,0.8600000000000001,3,13,0,0,0
M. Meza,1900,36822,439377,12229.6,0,0,0,3,1,1,2,0,3,1,0,0,92,77,2.5300000000000002,1,7,39,1.72,1,25,0,0,0
M. Milligan,1748,25479,184275,17195.5,0,0,0,0,0,0,0,0,3,0,1,0,246,232,2.83,0,10,15,2.13,10,11,0,0,0
M. Mohammadi,1530,21680,667606,4097.200000000001,0,0,0,0,0,0,0,0,0,0,0,0,15,8,1.06,0,6,19,1.6,1,15,0,0,0
M. Murillo,1194,35858,722996,11612.7,0,0,0,1,1,1,0,0,6,0,2,0,82,61,1.5,0,7,19,1.36,0,13,0,0,0
M. Niang,1290,38628,51796,9714.8,1,1,0,6,4,3,3,0,4,2,1,0,52,40,1.5699999999999998,3,5,29,1.46,1,21,0,0,0
M. Pazdan,1310,27738,198876,10743.4,0,0,0,0,0,0,0,0,1,0,0,0,154,134,1.72,0,9,10,1.5699999999999998,3,7,0,0,0
M. Pjaca,1289,19196,271620,4759.3,0,0,0,1,0,1,0,0,1,0,1,0,26,21,1.5,1,0,19,1.44,0,10,0,0,0
M. Plattenhardt,262,3148,15125,4762.6,0,0,0,1,1,0,1,0,0,0,0,0,24,24,1.0,0,0,3,0.67,1,2,0,0,0
M. Pouraliganji,1585,32520,238347,17744.5,0,0,0,0,0,0,0,0,0,0,0,0,56,46,2.52,0,12,11,1.26,8,5,0,0,0
M. Rashford,376,2413,397178,1596.8,0,0,0,0,0,0,0,0,0,0,0,0,8,7,0.88,1,0,8,0.62,0,5,0,0,0
M. Rojo,1259,24548,203304,11558.3,1,0,0,2,1,1,1,0,2,0,0,0,137,126,1.8199999999999998,0,5,15,1.6099999999999999,4,12,0,0,0
M. Ryan,1739,25479,184170,17195.5,0,0,0,0,0,0,0,0,0,0,0,0,95,90,2.84,0,4,0,0.0,1,0,14,9,0
M. Rybus,1308,27738,198782,11708.4,0,0,0,1,1,0,1,0,2,2,0,0,64,56,1.75,2,16,25,1.04,6,13,0,0,0
M. Shojaei,56,10840,3509,4072.7,0,0,0,0,0,0,0,0,3,0,1,0,16,11,0.69,0,1,17,0.71,0,12,0,0,0
M. Taremi,1579,32520,237960,13671.8,0,0,0,3,0,0,1,2,4,1,0,0,37,27,2.44,0,19,28,2.09,5,17,0,0,0
M. Trauco,1854,46782,345438,17346.5,0,0,0,0,0,0,0,0,2,0,0,0,174,144,2.49,1,17,45,2.11,5,32,0,0,0
M. Ureña,891,33742,203592,7329.200000000001,0,0,0,2,1,1,1,0,4,2,0,0,19,13,1.45,0,0,20,0.95,0,9,0,0,0
M. Vecino,1461,47010,349047,14640.8,0,0,0,2,0,2,0,0,5,0,0,0,204,178,2.63,1,18,23,1.73,1,15,0,0,0
M. Wagué,1306,38628,750696,11455.4,1,0,0,1,1,1,0,0,1,0,0,0,77,63,1.64,0,12,15,1.19,1,9,0,0,0
M. Yoshida,1240,25826,1406,11460.4,0,0,0,1,0,0,0,1,4,0,0,0,159,139,1.73,0,10,10,1.17,8,6,0,0,0
M. da Costa,1568,48648,304860,12678.3,0,0,0,2,0,1,0,1,2,0,1,0,79,62,2.37,0,11,11,0.8700000000000001,7,5,0,0,0
M. 고메스,1039,6296,29462,4015.7999999999997,0,0,0,3,2,1,0,2,0,1,0,0,6,4,1.5,0,0,0,0.0,0,0,0,0,0
M. 노이어,1033,6296,29424,11593.9,0,0,0,0,0,0,0,0,0,0,0,0,49,44,1.81,0,5,0,0.0,1,0,9,7,0
M. 로이스,1048,6296,30048,7991.299999999999,1,0,0,3,1,2,1,0,1,0,0,0,74,60,1.6600000000000001,2,6,12,1.23,0,7,0,0,0
M. 외질,253,3148,3319,5651.2,0,0,0,1,0,0,1,0,0,0,0,0,76,67,0.88,1,1,9,0.56,0,5,0,0,0
M. 훔멜스,259,3148,14795,5651.2,0,0,0,1,1,0,1,0,3,0,1,0,35,33,0.94,0,7,8,0.5,3,4,0,0,0
Mahmoud Kahraba,1423,48387,359796,3798.7,0,0,0,0,0,0,0,0,2,0,0,0,19,14,2.44,0,3,11,1.44,1,5,0,0,0
Marcelo,921,12760,6620,11850.2,0,0,0,3,1,1,2,0,0,0,0,0,190,157,1.63,1,11,28,1.73,2,24,0,0,0
Marco Asensio,1530,3196,576182,2301.2,0,0,0,1,0,0,0,1,0,0,0,0,16,12,1.53,0,0,6,1.75,0,5,0,0,0
Marwan Mohsen,1440,48387,360675,12755.6,0,0,0,4,1,1,0,3,4,1,0,0,35,22,1.88,1,10,35,2.04,4,23,0,0,0
Maxi Gómez,918,15670,395636,141.5,0,0,0,0,0,0,0,0,0,0,0,0,1,1,1.0,0,0,0,0.0,0,0,0,0,0
Min-Woo Kim,1082,29710,190598,9117.9,0,0,0,1,0,1,0,0,3,0,0,0,48,34,1.4100000000000001,0,4,10,0.86,5,6,0,0,0
Mohamed Abdel-Shafi,1429,48387,359925,17554.2,0,0,0,0,0,0,0,0,2,0,0,0,150,126,2.52,0,16,32,2.38,4,25,0,0,0
Mohamed El Shenawy,510,32258,240000,11483.4,0,0,0,0,0,0,0,0,0,0,0,0,27,22,1.62,0,4,1,1.0,0,1,9,5,0
Mohamed Elneny,1444,48387,361017,15690.9,0,0,0,3,0,3,0,0,3,0,0,0,111,102,2.74,1,9,13,1.0,2,4,0,0,0
Mohamed Salah,1396,32258,240706,11716.7,2,0,0,6,2,0,6,0,1,3,0,0,42,32,1.52,1,4,29,1.17,0,16,0,0,0
Mohammad Al Sahlawi,539,33042,245342,6177.0,0,0,0,2,0,0,2,0,2,0,0,0,9,9,2.0,0,0,10,1.53,0,8,0,0,0
Mohammed Al Burayk,1501,49563,878862,17636.1,0,0,0,3,0,3,0,0,0,0,0,0,219,185,2.5300000000000002,0,17,35,2.27,4,26,0,0,0
Mohammed Al Owais,527,16521,248328,5762.8,0,0,0,0,0,0,0,0,0,0,0,0,19,15,0.79,0,0,0,0.0,0,0,4,3,0
Mohammed Kanno,528,16521,284147,1197.8,0,0,0,1,1,0,0,1,1,0,0,0,6,5,0.83,0,1,3,0.67,0,2,0,0,0
Motaz Hawsawi,943,16521,139391,6070.8,0,0,0,0,0,0,0,0,0,0,0,0,31,28,0.9,0,2,7,0.71,0,5,0,0,0
Muhannad Asiri,956,33042,245498,2534.9,0,0,0,1,1,0,0,1,0,0,0,0,3,1,1.0,0,1,0,0.0,1,0,0,0,0
Munir,1549,48648,19527,17681.0,0,0,0,0,0,0,0,0,1,0,1,0,46,40,2.64,0,1,0,0.0,1,0,9,5,0
Mário Fernandes,1341,43074,123369,14970.599999999999,0,1,0,0,0,0,0,0,0,1,0,0,100,86,2.5700000000000003,0,13,26,1.63,6,19,0,0,0
N. Amrabat,1565,48648,98904,16240.8,0,0,0,1,0,1,0,0,9,1,1,0,78,59,2.2199999999999998,1,10,68,2.2,2,48,0,0,0
N. Chadli,339,5629,261,305.8,0,0,0,0,0,0,0,0,0,0,0,0,3,1,0.33,0,0,1,0.0,0,0,0,0,0
N. Dirar,1496,32432,298148,11798.099999999999,0,0,0,1,0,1,0,0,4,0,0,0,76,69,1.8,0,15,33,1.12,3,18,0,0,0
N. Fekir,1720,13254,84345,4048.0,0,0,0,3,1,0,3,0,0,0,0,0,30,24,2.35,0,1,27,2.11,2,19,0,0,0
N. Jørgensen,734,15424,30160,10008.3,0,1,0,2,0,0,1,1,3,2,0,0,32,20,1.28,0,2,19,1.29,1,12,0,0,0
N. Kanté,1724,13254,94584,17274.5,0,0,0,0,0,0,0,0,4,0,0,0,190,176,2.77,1,28,47,1.98,4,32,0,0,0
N. Matić,958,34644,140244,11843.7,0,0,0,2,0,1,1,0,5,0,1,0,76,69,1.79,1,8,41,1.3599999999999999,1,28,0,0,0
N. Milenković,973,34644,848482,11843.7,0,0,0,0,0,0,0,0,1,0,0,0,70,60,1.69,0,8,8,1.33,7,6,0,0,0
N. Nández,1468,47010,898854,8782.2,0,0,0,0,0,0,0,0,2,0,0,0,78,65,2.55,1,2,29,2.05,0,20,0,0,0
N. Otamendi,1885,36822,210258,17330.3,0,0,0,4,1,1,0,3,3,0,1,0,209,193,2.77,0,11,28,2.1,7,19,0,0,0
N. Radonjić,720,17322,237274,948.7,0,0,0,0,0,0,0,0,0,0,0,0,2,1,0.5,0,1,3,0.67,1,2,0,0,0
N. Sliti,1119,32552,52200,6670.3,0,0,0,3,0,2,1,0,1,0,0,0,31,21,1.35,0,3,20,1.31,2,13,0,0,0
N. Tagliafico,1892,36822,260166,16407.3,0,0,0,2,0,0,1,1,5,0,0,0,175,152,2.58,0,13,30,1.8599999999999999,1,20,0,0,0
Nacho,85,1598,3304,5753.8,1,0,0,1,1,1,0,0,3,0,0,0,49,46,0.94,0,2,15,0.67,4,10,0,0,0
Neymar,937,12760,81620,11850.2,1,0,0,9,5,6,2,1,5,3,1,0,90,78,1.73,6,1,73,1.5,0,55,0,0,0
O. Dembélé,1732,13254,859170,10160.7,0,0,0,3,0,1,2,0,1,0,0,0,65,50,2.09,1,4,29,2.23,0,22,0,0,0
O. Ebrahimi,1564,32520,236973,16604.3,0,0,0,0,0,0,0,0,5,0,1,0,67,60,2.69,0,16,35,1.76,7,19,0,0,0
O. Etebo,2029,50469,1273872,17013.0,0,0,1,7,1,7,0,0,4,0,0,0,140,127,2.6799999999999997,0,9,68,2.2199999999999998,1,51,0,0,0
O. Giroud,1715,13254,78030,13070.3,0,1,0,5,1,0,4,1,4,0,0,0,32,25,2.54,1,2,37,1.31,1,19,0,0,0
O. Hiljemark,318,7047,51145,1449.0,0,0,0,0,0,0,0,0,0,0,0,0,8,6,0.75,0,1,4,0.5,0,2,0,0,0
O. Ighalo,1992,50469,15885,8121.599999999999,0,0,0,4,2,2,1,1,6,0,0,0,13,11,2.71,0,6,28,2.14,4,18,0,0,0
O. Murillo,398,12430,91002,5763.2,0,0,0,1,0,0,0,1,0,0,0,0,42,36,0.86,0,5,9,0.89,5,8,0,0,0
O. Toivonen,1101,14094,246,9361.7,1,0,0,2,2,1,0,1,3,0,0,0,27,18,1.31,1,2,13,1.53,0,10,0,0,0
Omar Hawsawi,18,16521,122651,5802.5,0,0,0,0,0,0,0,0,1,0,0,0,56,47,0.84,0,3,9,0.56,4,5,0,0,0
Osama Hawsawi,1482,49563,368517,17636.1,0,0,0,0,0,0,0,0,3,0,0,0,124,115,2.78,0,18,28,1.8599999999999999,9,17,0,0,0
P. Aquino,1861,46782,417234,9247.1,0,0,0,1,0,1,0,0,5,0,1,0,98,88,2.76,1,11,31,2.07,6,18,0,0,0
P. Dybala,638,12274,89186,1615.3,0,0,0,1,0,0,1,0,0,0,0,0,11,8,0.73,0,0,5,1.0,0,5,0,0,0
P. Gallese,1848,46782,344394,17346.5,0,0,0,0,0,0,0,0,0,0,0,0,48,40,2.5300000000000002,0,5,0,0.0,0,0,9,7,0
P. Guerrero,1825,46782,44727,13467.9,1,1,0,6,5,2,2,2,4,3,1,0,41,29,2.33,0,4,34,2.17,3,23,0,0,0
P. Hurtado,1045,15594,114624,1911.4,0,0,0,0,0,0,0,0,2,0,1,0,18,15,0.83,0,1,11,0.64,0,7,0,0,0
P. Jansson,315,7047,50806,5775.2,0,0,0,1,0,0,0,1,2,0,0,0,48,47,0.98,0,1,2,1.0,2,2,0,0,0
P. Kimpembe,1011,4418,231138,5692.6,0,0,0,0,0,0,0,0,1,0,0,0,75,70,0.93,0,7,7,0.86,5,6,0,0,0
P. Pogba,702,8836,15872,11194.9,0,0,0,3,1,3,0,0,3,0,1,0,118,99,1.6800000000000002,3,3,31,1.35,2,21,0,0,0
P. Sisto,1778,23136,725835,13459.2,0,0,0,4,1,2,2,0,1,0,1,0,80,66,2.23,0,6,52,2.19,0,37,0,0,0
P. Zieliński,1317,27738,199804,11708.4,0,0,0,2,0,1,1,0,1,0,0,0,119,98,1.64,1,2,20,1.29,0,13,0,0,0
Paulinho,932,12760,81100,8184.200000000001,0,0,0,1,0,0,1,0,1,0,0,0,63,60,1.8900000000000001,0,3,13,1.69,0,11,0,0,0
Pepe,1519,29715,9915,17672.4,0,0,0,0,0,0,0,0,3,0,0,0,122,102,2.46,0,14,20,1.78,9,12,0,0,0
Philippe Coutinho,925,12760,7604,11850.2,2,0,0,10,4,10,0,0,3,0,1,0,160,146,1.82,2,7,20,1.2599999999999998,0,13,0,0,0
Piqué,1595,4794,10023,17494.9,0,0,0,4,1,2,0,2,2,0,0,0,217,203,2.81,0,10,10,2.0,4,5,0,0,0
R. Avila,833,17929,361536,1941.0,0,1,0,0,0,0,0,0,1,0,0,0,18,16,0.89,0,0,8,0.62,0,5,0,0,0
R. Bentancur,1474,47010,1085421,15451.0,0,0,0,2,1,1,1,0,6,0,1,0,187,170,2.7,1,13,45,1.7,3,24,0,0,0
R. Cheshmi,68,10840,272829,5882.9,0,0,0,1,0,1,0,0,0,0,0,0,12,11,0.92,0,5,5,0.4,4,2,0,0,0
R. Falcao,1254,24860,6900,10628.4,1,0,0,4,3,3,1,0,2,1,0,0,46,38,1.6600000000000001,0,3,47,1.3199999999999998,3,31,0,0,0
R. Gíslason,823,15678,112292,7872.8,0,0,0,1,0,1,0,0,2,0,0,0,28,21,1.72,0,3,20,1.25,1,12,0,0,0
R. Jiménez,273,15473,112392,1688.6,0,0,0,0,0,0,0,0,1,0,0,0,8,4,0.5,0,1,2,0.5,0,1,0,0,0
R. Kruse,1733,25479,48453,12668.7,0,0,0,1,0,1,0,0,2,2,0,0,52,39,2.25,0,6,26,1.83,0,17,0,0,0
R. Lewandowski,1301,27738,29634,11708.4,0,0,0,6,3,2,2,2,4,1,0,0,45,37,1.69,0,4,38,1.27,1,24,0,0,0
R. Loftus-Cheek,1195,4826,471110,6740.1,0,1,0,1,0,0,1,0,2,0,1,0,38,34,1.6099999999999999,0,2,22,1.3900000000000001,0,14,0,0,0
R. Lukaku,1068,11258,15810,9430.3,4,0,0,5,4,1,3,1,3,0,0,0,30,21,1.4,0,0,13,1.54,0,10,0,0,0
R. Márquez,1042,30946,118006,2896.1,0,0,0,0,0,0,0,0,0,0,0,0,27,24,1.73,0,5,8,0.9299999999999999,2,4,0,0,0
R. Olsen,1113,14094,101596,11717.9,0,0,0,0,0,0,0,0,0,0,0,0,29,22,1.54,0,2,0,0.0,1,0,6,4,0
R. Rezaeian,1570,32520,237294,17744.5,0,0,0,1,0,1,0,0,4,0,0,0,73,50,2.03,2,10,28,1.62,7,16,0,0,0
R. Rodríguez,991,13394,29844,11769.4,0,0,0,2,0,1,1,0,2,0,0,0,71,60,1.69,0,10,32,1.12,3,17,0,0,0
R. Ruidíaz,789,31188,179142,1453.0,0,0,0,0,0,0,0,0,1,0,0,0,3,3,2.0,0,1,2,0.0,0,0,0,0,0
R. Saïss,1067,32432,52452,11792.8,0,0,0,1,0,0,0,1,2,0,0,0,90,82,1.81,0,15,11,1.3199999999999998,10,7,0,0,0
R. Sigurðsson,1883,23517,167949,14058.8,0,0,0,0,0,0,0,0,3,0,0,0,49,39,2.38,0,16,16,1.62,7,8,0,0,0
R. Sterling,1191,4826,22132,10068.400000000001,0,1,0,2,1,1,0,1,6,2,0,0,49,44,1.72,0,3,25,0.8700000000000001,0,12,0,0,0
R. Tapia,1247,31188,278150,9119.400000000001,0,0,0,1,0,1,0,0,3,0,1,0,51,40,1.58,0,11,19,0.89,4,8,0,0,0
R. Torres,1177,35858,182526,11612.7,0,0,0,3,0,2,0,1,1,0,0,0,57,51,1.7799999999999998,0,10,6,1.5,6,4,0,0,0
R. Varane,1699,13254,9927,17274.5,0,0,0,2,0,0,0,2,1,0,0,0,192,176,2.73,0,10,11,2.5,7,10,0,0,0
R. Zobnin,1371,43074,311046,17250.6,0,0,0,5,1,3,1,1,3,0,0,0,118,94,2.33,0,21,42,2.23,5,31,0,0,0
Ramadan Sobhi,1455,48387,997815,4458.7,0,0,0,0,0,0,0,0,1,0,0,0,26,21,2.39,0,0,11,3.0,0,11,0,0,0
Raphaël Guerreiro,1528,29715,86721,17672.4,0,0,0,2,0,0,2,0,5,0,1,0,149,128,2.58,1,13,39,1.96,3,25,0,0,0
Renato Augusto,283,6380,14785,1802.0,0,0,0,1,0,0,1,0,0,0,0,0,15,13,0.87,1,0,5,0.8,0,4,0,0,0
Ricardo Quaresma,1052,19810,65194,5940.400000000001,1,0,0,4,1,4,0,0,3,0,1,0,37,24,1.32,0,1,22,1.58,0,17,0,0,0
Roberto Firmino,928,12760,31616,2946.0,0,0,0,3,1,2,0,1,1,0,0,0,15,14,1.9,0,3,12,1.38,0,9,0,0,0
Rodrigo,1528,3196,140258,1161.1999999999998,0,0,0,1,0,0,0,1,0,0,0,0,5,3,1.5,0,0,6,0.75,0,3,0,0,0
Rui Patrício,1539,29715,210402,17672.4,0,0,0,0,0,0,0,0,0,0,0,0,61,52,2.57,0,3,1,1.0,0,1,11,7,0
S. Agüero,793,24548,16650,9072.2,1,0,0,4,2,2,2,0,0,2,0,0,53,41,1.58,0,2,24,1.6400000000000001,0,20,0,0,0
S. Amrabat,80,16216,285590,1440.2,0,0,0,0,0,0,0,0,2,0,0,0,5,5,1.0,0,1,3,0.33,0,1,0,0,0
S. Arias,1266,24860,140272,11713.4,0,0,0,1,0,1,0,0,5,1,0,0,87,73,1.6600000000000001,1,11,17,1.28,2,11,0,0,0
S. Azmoun,1567,32520,237018,17744.5,0,0,0,2,1,2,0,0,6,0,1,0,46,30,1.9,4,8,33,1.44,4,17,0,0,0
S. Ben Youssef,1114,32552,20028,8281.9,0,0,0,0,0,0,0,0,5,0,0,0,43,36,1.67,0,10,23,0.8200000000000001,4,12,0,0,0
S. Coates,906,15670,7954,5802.2,0,0,0,0,0,0,0,0,2,0,0,0,62,59,0.95,0,2,11,0.64,0,7,0,0,0
S. Ezatolahi,1526,21680,483294,10516.8,0,0,0,1,1,0,0,1,4,1,0,0,41,32,1.56,1,17,27,1.09,12,15,0,0,0
S. Ghoddos,1561,32520,160686,3087.4,0,0,0,2,0,2,0,0,4,0,0,0,2,2,2.0,0,0,8,0.8300000000000001,1,3,0,0,0
S. Ignashevich,1347,43074,304749,17250.6,0,0,0,2,2,0,0,2,1,0,0,0,82,68,2.48,0,14,15,2.29,15,11,0,0,0
S. Ingason,1741,15678,114694,7703.400000000001,0,0,0,3,1,0,0,3,3,0,0,0,40,34,1.73,0,12,14,0.9299999999999999,5,6,0,0,0
S. Kagawa,1245,25826,29632,8519.9,1,0,0,2,1,1,1,0,0,0,0,0,80,71,1.77,1,2,18,1.35,1,12,0,0,0
S. Khalifa,380,16276,26668,596.8,0,0,0,0,0,0,0,0,0,1,0,0,0,0,0.0,0,1,2,0.0,1,0,0,0,0
S. Khaoui,747,16276,275243,5766.0,0,0,0,1,0,0,1,0,2,0,0,0,34,30,0.88,2,2,13,0.69,0,9,0,0,0
S. Kjær,1754,23136,61299,17268.300000000003,0,0,0,0,0,0,0,0,2,0,0,0,142,124,2.58,0,16,14,1.15,14,6,0,0,0
S. Larsson,1104,14094,17058,10808.9,0,0,0,1,0,1,0,0,5,0,1,0,105,89,1.67,0,9,18,0.46,5,6,0,0,0
S. Lichtsteiner,994,13394,40930,11167.3,0,0,0,1,0,1,0,0,1,0,1,0,71,51,1.4300000000000002,0,10,33,1.2,0,21,0,0,0
S. Mandanda,1004,4418,25552,5692.6,0,0,0,0,0,0,0,0,0,0,0,0,26,24,0.92,0,2,0,0.0,0,0,1,1,0
S. Mané,1288,38628,51494,11455.4,1,0,0,2,1,1,1,0,4,2,0,0,67,54,1.6,3,10,25,1.26,0,16,0,0,0
S. Milinković-Savić,971,34644,531730,11843.7,0,0,0,3,0,2,0,1,8,2,1,0,54,42,1.55,3,6,37,1.08,3,21,0,0,0
S. Morsy,42,16129,11270,2823.9,0,0,0,0,0,0,0,0,2,0,1,0,24,24,1.0,0,3,7,0.71,1,5,0,0,0
S. N'Zonzi,1003,4418,8200,5692.6,0,0,0,0,0,0,0,0,0,0,0,0,63,58,0.92,0,4,4,0.75,2,3,0,0,0
S. Okazaki,1243,25826,29526,1860.5,0,0,0,0,0,0,0,0,0,0,0,0,5,4,1.75,0,1,7,1.42,0,5,0,0,0
S. Rudy,788,3148,15811,1860.0,0,0,0,1,0,1,0,0,1,0,0,0,17,17,1.0,0,1,2,0.0,0,0,0,0,0
S. Sané,1292,38628,52230,11455.4,0,0,0,2,0,1,0,1,1,0,1,0,72,62,1.73,0,17,12,1.51,7,9,0,0,0
S. Umtiti,706,8836,50794,11581.9,0,0,0,1,0,0,1,0,3,0,0,0,86,81,1.8599999999999999,0,8,17,1.23,3,11,0,0,0
S. Zuber,1009,13394,99994,11769.4,1,0,0,2,1,1,0,1,1,1,0,0,66,49,1.48,1,4,25,1.2999999999999998,2,16,0,0,0
S. 케디라,252,3148,3318,3602.6,0,0,0,1,0,1,0,0,0,0,0,0,50,41,0.82,0,1,14,0.71,0,10,0,0,0
Salem Al Dawsari,1479,49563,368496,17636.1,1,0,0,7,2,7,0,0,4,1,0,0,174,153,2.64,0,8,70,2.27,0,53,0,0,0
Salman Al Faraj,1485,49563,368541,17636.1,1,0,0,3,1,0,3,0,2,1,0,0,254,225,2.67,2,15,44,1.94,3,27,0,0,0
Sergio Busquets,1600,4794,10038,17494.9,0,1,0,3,1,1,0,2,5,0,1,0,225,209,2.78,0,11,26,1.8699999999999999,0,17,0,0,0
Sergio Ramos,1592,4794,9918,17494.9,0,0,0,3,0,3,0,0,2,0,0,0,311,300,2.8899999999999997,0,9,15,2.47,2,12,0,0,0
Shin-Wook Kim,330,14855,107548,4026.2,0,0,0,0,0,0,0,0,3,0,1,0,8,6,0.75,0,1,1,1.0,0,1,0,0,0
Simy,1318,33646,144794,631.6,0,0,0,0,0,0,0,0,3,0,0,0,0,0,0.0,0,1,1,0.0,0,0,0,0,0
Sung-Yeung Ki,1078,29710,123924,11585.4,0,0,0,3,2,2,0,1,5,0,0,0,79,71,1.7999999999999998,1,13,28,0.98,4,15,0,0,0
T. Alderweireld,1059,11258,72,11535.4,0,1,0,2,0,2,0,0,0,0,0,0,161,145,1.79,1,5,8,1.25,3,5,0,0,0
T. Cahill,1028,8493,8247,2511.4,0,0,0,1,0,1,0,0,1,0,0,0,5,4,0.8,0,1,7,0.71,0,5,0,0,0
T. Cionek,428,13869,99661,5758.2,0,0,1,0,0,0,0,0,1,0,0,0,71,67,0.94,0,3,5,0.6,3,3,0,0,0
T. Courtois,1066,11258,6858,11535.4,0,0,0,0,0,0,0,0,0,0,0,0,51,43,1.7000000000000002,0,4,0,0.0,0,0,8,6,0
T. Delaney,1762,23136,167970,17268.300000000003,0,0,0,3,0,0,2,1,7,0,1,0,111,95,2.5700000000000003,0,12,32,1.57,3,16,0,0,0
T. Ebuehi,695,16823,332821,3069.3,0,0,0,0,0,0,0,0,1,0,0,0,22,21,0.95,0,0,8,0.75,0,6,0,0,0
T. Hazard,344,5629,25622,725.8,0,0,0,0,0,0,0,0,1,0,0,0,3,3,1.0,0,0,3,0.67,0,2,0,0,0
T. Inui,1247,25826,29672,10980.599999999999,1,1,0,5,2,5,0,0,2,1,1,0,57,49,1.73,0,7,35,1.15,0,20,0,0,0
T. Jedvaj,1081,9598,212604,5774.1,0,0,0,0,0,0,0,0,1,0,1,0,36,30,0.83,0,1,7,0.29,1,2,0,0,0
T. Jurić,1760,25479,209934,6276.200000000001,0,0,0,0,0,0,0,0,0,0,0,0,17,10,1.81,0,1,12,2.6,1,10,0,0,0
T. Lemar,1009,4418,28922,5692.6,0,0,0,1,0,0,1,0,1,0,0,0,53,48,0.91,1,1,10,0.6,0,6,0,0,0
T. Meunier,1077,11258,75648,11535.4,0,1,0,2,1,1,1,0,6,0,1,0,88,70,1.59,2,8,18,1.02,0,9,0,0,0
T. Rogić,1745,25479,184221,13628.7,0,0,0,5,2,0,5,0,3,0,1,0,57,51,2.75,2,4,51,2.13,0,37,0,0,0
T. Sainsbury,1742,25479,184185,17195.5,0,0,0,2,0,0,0,2,2,0,0,0,191,174,2.7199999999999998,0,20,25,1.52,5,14,0,0,0
T. Usami,836,12913,14730,479.8,0,0,0,0,0,0,0,0,1,0,0,0,2,1,0.5,0,0,4,0.75,1,3,0,0,0
T. 뮐러,1041,6296,29464,11593.9,0,0,0,1,0,0,0,1,2,1,1,0,93,66,1.42,1,9,22,1.33,0,13,0,0,0
T. 베르너,1055,6296,346428,11115.3,0,0,0,4,1,3,1,0,1,3,0,0,46,36,1.6099999999999999,0,6,14,1.58,1,11,0,0,0
T. 크로스,1037,6296,29446,11593.9,1,0,0,10,4,7,3,0,1,0,0,0,201,188,1.88,2,4,20,1.33,0,13,0,0,0
Taisir Al Jassim,532,33042,245154,8442.5,0,0,0,0,0,0,0,0,3,0,1,0,67,61,1.82,0,2,23,1.5,1,13,0,0,0
Tarek Hamed,1461,48387,1312251,14730.4,0,0,0,1,0,1,0,0,7,0,0,0,138,116,2.53,1,14,35,1.82,3,22,0,0,0
Thiago Alcântara,1064,3196,6690,6065.900000000001,0,0,0,2,0,1,1,0,1,0,0,0,113,109,1.88,0,0,15,1.67,0,11,0,0,0
Thiago Silva,930,12760,40788,11850.2,0,0,0,2,0,0,0,2,1,0,0,0,143,131,1.82,0,5,11,1.8,3,10,0,0,0
Trézéguet,1452,48387,660336,14999.4,0,0,0,8,1,7,0,1,5,0,1,0,84,66,2.31,1,10,49,1.48,1,21,0,0,0
V. Amiri,1588,32520,713508,17202.1,0,0,0,2,0,0,2,0,5,1,1,0,57,41,2.15,1,6,46,1.69,2,26,0,0,0
V. Behrami,998,13394,41876,10207.3,0,0,0,0,0,0,0,0,7,0,1,0,105,101,1.9100000000000001,0,6,42,0.96,0,20,0,0,0
V. Claesson,1119,14094,102288,10270.7,0,1,0,2,0,1,0,1,3,0,1,0,45,36,1.6,1,13,30,1.08,1,16,0,0,0
V. Fischer,1016,7712,1722,2083.0,0,0,0,1,0,0,1,0,0,1,0,0,8,8,1.0,0,1,4,0.75,1,3,0,0,0
V. Lindelöf,806,7047,71703,5942.7,0,0,0,0,0,0,0,0,1,0,0,0,20,17,0.85,0,7,2,0.0,3,0,0,0,0
V. Moses,1998,50469,25875,17442.3,1,1,0,7,1,5,2,0,4,0,0,0,93,70,2.23,0,19,52,2.19,7,37,0,0,0
V. Stojković,964,34644,255342,11843.7,0,0,0,0,0,0,0,0,0,0,0,0,36,33,1.81,0,0,0,0.0,0,0,8,6,0
V. Ćorluka,1687,19196,29542,5959.400000000001,0,0,0,0,0,0,0,0,3,0,1,0,49,45,1.9100000000000001,0,10,8,1.0,7,7,0,0,0
W. Barrios,1275,24860,493856,9853.4,0,0,0,0,0,0,0,0,3,0,1,0,78,65,1.65,0,6,28,1.42,3,20,0,0,0
W. Caballero,791,24548,7102,11537.5,0,0,0,0,0,0,0,0,0,0,0,0,50,39,1.65,0,2,0,0.0,0,0,7,3,0
W. Cartagena,1055,15594,139080,951.4,0,0,0,0,0,0,0,0,1,0,0,0,4,3,0.75,0,0,3,0.0,0,0,0,0,0
W. Khazri,1117,32552,51552,10991.1,1,1,0,4,2,4,0,0,2,4,0,0,41,25,1.24,0,2,17,1.29,0,11,0,0,0
W. Kvist,171,7712,14744,2120.0,0,0,0,0,0,0,0,0,0,0,0,0,20,18,0.9,0,1,2,1.0,0,2,0,0,0
W. Ndidi,2018,50469,796098,17442.3,0,0,0,3,1,3,0,0,4,0,0,0,142,126,2.69,2,27,43,1.95,4,28,0,0,0
W. Szczęsny,1296,27738,15698,11708.4,0,0,0,0,0,0,0,0,0,0,0,0,38,33,1.74,0,4,1,0.0,0,0,7,2,0
W. Troost-Ekong,2001,50469,33279,17442.3,0,0,0,2,0,0,1,1,2,0,1,0,105,93,2.65,0,13,17,1.49,11,9,0,0,0
William Carvalho,1533,29715,113286,17672.4,0,0,0,0,0,0,0,0,4,0,0,0,186,167,2.69,0,6,32,1.83,2,19,0,0,0
Willian,940,12760,210666,8666.3,0,0,0,3,0,1,2,0,3,0,0,0,62,49,1.62,1,4,34,1.61,1,27,0,0,0
X. Shaqiri,1004,13394,99744,11769.4,1,1,0,8,1,0,8,0,3,0,1,0,94,79,1.6800000000000002,5,7,41,1.4100000000000001,1,28,0,0,0
Y. Belhanda,1558,48648,77994,14356.9,0,0,0,6,2,2,1,3,4,0,0,0,110,91,2.55,0,8,40,1.93,4,27,0,0,0
Y. Benalouane,738,16276,21333,3306.0,0,0,0,0,0,0,0,0,1,0,0,0,15,9,0.6,0,2,9,0.67,0,6,0,0,0
Y. Bárcenas,1189,35858,482154,8105.9,0,0,0,3,0,2,1,0,3,0,1,0,39,30,1.54,1,1,17,1.42,0,10,0,0,0
Y. Carrasco,1084,11258,269538,10269.6,0,0,0,5,4,5,0,0,3,0,0,0,46,36,1.56,0,9,28,1.58,1,23,0,0,0
Y. En-Nesyri,1000,16216,447821,1578.8,1,0,0,1,1,0,0,1,0,0,0,0,3,2,0.67,0,1,0,0.0,0,0,0,0,0
Y. Gazinskiy,1365,43074,306471,14279.099999999999,1,0,0,2,1,1,0,1,3,0,1,0,102,86,2.53,0,13,17,1.35,3,8,0,0,0
Y. Meriah,1139,32552,663526,11587.9,0,0,0,0,0,0,0,0,2,0,0,0,83,72,1.74,0,11,16,1.46,5,9,0,0,0
Y. Mina,875,12430,256634,5950.2,1,0,0,1,1,0,0,1,2,0,0,0,41,35,0.85,0,7,8,0.75,4,6,0,0,0
Y. Nagatomo,1251,25826,41034,11460.4,0,1,0,0,0,0,0,0,1,0,0,0,73,64,1.75,0,7,20,0.8999999999999999,9,10,0,0,0
Y. Poulsen,745,15424,112548,9468.3,1,0,0,2,1,0,1,1,6,1,2,0,37,30,1.63,1,6,37,1.35,0,23,0,0,0
Y. Sabaly,1296,38628,57058,11455.4,0,0,0,2,1,2,0,0,4,1,1,0,71,59,1.62,1,5,27,1.23,2,16,0,0,0
Y. Sommer,1002,13394,99710,11769.4,0,0,0,0,0,0,0,0,0,0,0,0,48,38,1.6,0,5,1,1.0,2,1,8,6,0
Y. Tejeda,664,16871,125268,964.0,0,0,0,0,0,0,0,0,0,0,0,0,5,3,0.6,0,0,2,0.0,0,0,0,0,0
Y. Tielemans,736,5629,263802,485.2,0,1,0,0,0,0,0,0,0,0,0,0,2,1,0.5,0,0,0,0.0,0,0,0,0,0
Y. Yotún,1842,46782,344169,11448.1,0,0,0,3,1,0,3,0,5,0,1,0,141,121,2.57,0,7,27,1.74,0,16,0,0,0
Y. Zhirkov,463,28716,203714,10905.1,0,0,0,1,0,0,1,0,2,0,0,0,69,47,1.37,1,8,22,1.07,7,12,0,0,0
Y. Ōsako,1263,25826,189662,10799.7,1,0,0,7,4,1,3,3,0,2,0,0,39,31,1.58,0,3,32,1.56,0,25,0,0,0
Yahya Al Shehri,964,33042,245776,5550.7,0,0,0,0,0,0,0,0,0,0,0,0,56,50,1.81,0,2,12,0.5,0,6,0,0,0
Yasir Al Shahrani,1492,49563,368820,17636.1,0,0,0,5,1,4,0,1,4,0,0,0,177,150,2.55,0,13,33,2.16,9,25,0,0,0
Yasser Al Mosailem,933,16521,122562,6070.8,0,0,0,0,0,0,0,0,0,0,0,0,10,9,0.9,0,2,0,0.0,0,0,1,0,0
Á. di María,1240,24548,6628,8894.3,0,0,0,1,0,0,1,0,0,2,0,0,55,44,1.54,1,2,25,1.58,0,19,0,0,0
É. Banega,1238,24548,6560,8313.8,0,1,0,2,1,1,1,0,3,0,1,0,145,128,1.75,4,3,28,1.3199999999999998,1,18,0,0,0
É. Flores,1845,46782,344286,15360.5,0,0,0,4,1,0,4,0,3,0,0,0,99,78,2.36,1,10,46,2.23,0,34,0,0,0
Ó. Duarte,893,33742,250500,11924.5,0,0,0,2,0,1,0,1,2,0,0,0,71,62,1.7000000000000002,0,8,16,1.15,9,9,0,0,0
İ. Gündoğan,785,3148,14808,4082.7,0,0,0,1,1,1,0,0,0,0,0,0,51,47,0.92,0,0,6,0.67,1,4,0,0,0
Ł. Piszczek,1298,27738,29596,10987.599999999999,0,0,0,1,0,1,0,0,0,0,0,0,93,70,1.49,0,11,22,1.15,7,13,0,0,0
Ł. Teodorczyk,885,13869,99479,1425.0,0,0,0,0,0,0,0,0,1,0,0,0,2,1,0.5,0,0,7,0.14,0,1,0,0,0
Š. Vrsaljko,824,19196,138818,11529.7,0,0,0,1,0,1,0,0,3,0,1,0,67,54,1.6099999999999999,0,13,23,1.05,3,13,0,0,0
구자철,323,14855,15781,4446.2,0,0,0,1,0,0,0,1,1,0,0,0,15,14,0.93,0,4,8,0.62,1,5,0,0,0
김영권,1080,29710,190400,11585.4,0,0,0,0,0,0,0,0,4,0,1,0,72,62,1.73,0,6,11,1.5,3,6,0,0,0
문선민,752,14855,51625,4602.7,0,0,0,2,0,1,1,0,1,0,0,0,21,14,0.67,0,2,15,0.67,0,10,0,0,0
손흥민,1073,29710,29822,11585.4,1,0,0,8,2,4,4,0,1,0,0,0,54,47,1.7200000000000002,0,9,40,1.55,2,31,0,0,0
이용,1087,29710,215058,11585.4,0,0,0,0,0,0,0,0,5,0,1,0,73,53,1.45,0,4,26,1.12,2,14,0,0,0
이재성,1095,29710,598242,11585.4,0,0,0,4,1,0,4,0,2,0,0,0,74,62,1.68,0,10,29,1.23,1,18,0,0,0
장현수,1090,29710,277266,11585.4,0,0,0,0,0,0,0,0,6,0,0,0,77,68,1.77,0,10,12,0.9400000000000001,3,5,0,0,0
정우영,1084,29710,190980,2956.5,0,0,0,0,0,0,0,0,3,0,1,0,29,28,1.95,0,1,9,0.9,0,4,0,0,0
조현우,1093,29710,512086,11585.4,0,0,0,0,0,0,0,0,0,0,0,0,31,26,1.67,0,1,0,0.0,2,0,8,5,0
주세종,760,14855,209567,3822.7,0,0,0,0,0,0,0,0,2,0,0,0,32,24,0.75,0,2,5,0.4,0,2,0,0,0
홍철,757,14855,107413,787.5,0,0,0,0,0,0,0,0,2,0,0,0,6,5,0.83,0,1,6,0.33,0,2,0,0,0
황희찬,1097,29710,699374,11585.4,0,0,0,2,1,0,1,1,5,0,1,0,31,19,1.22,1,8,38,1.42,2,27,0,0,0
